Id,FirstName,LastName,Date_of_Birth
X001360-Q0320,Ximena,Conway,10/8/17
X001361-Q0320,Mattie,Walters,11/1/16
X001362-Q0320,Jaida,Rollins,1/7/14
Z000015-Q1051,Penelope,Adkins,23/7/17
Z000017-Q1051,Noelle,Cannon,14/11/18
Z000016-Q1051,Jamarcus,Johnson,30/11/14
Z000105-Q1089,Aubree,Ryan,26/10/18
Z000107-Q1089,Giovani,Walsh,6/11/15
Z000106-Q1089,Selina,Clay,4/3/15
Y000395-Q0394,Jorge,Carey,4/11/15
Y000396-Q0394,Memphis,Hawkins,24/8/16
Y000397-Q0394,Cristina,Mcclure,27/10/13
Y000415-Q0399,Derick,Sims,17/5/14
Y000416-Q0399,Reese,Booth,15/9/18
Y000417-Q0399,Mayra,Snow,29/8/14
Y000096-Q0349,Tabitha,Kane,29/1/16
Y000097-Q0349,Imani,Shepard,2/8/17
Y000098-Q0349,Roman,Moss,4/4/15
Y000122-Q0355,Vicente,Rodgers,17/5/15
Y000123-Q0355,Paulina,Vargas,28/6/18
Y000124-Q0355,Olivia,Wood,26/5/17
Y000155-Q0356,Eddie,Todd,10/5/16
Y000156-Q0356,Brayan,Walls,24/5/14
Y000157-Q0356,Izayah,Rojas,26/11/12
Y000180-Q0358,Anastasia,Dunlap,13/1/14
Y000181-Q0358,Brittany,Fox,30/5/18
Y000182-Q0358,Abbie,Atkinson,28/11/18
Y000200-Q0361,Marcel,Thompson,20/6/15
Y000201-Q0361,Susan,Ibarra,5/6/15
Y000202-Q0361,Erica,Garrison,11/2/13
Y000231-Q0365,Omar,Whitney,20/1/17
Y000247-Q0365,Travis,Macias,8/8/14
Y000248-Q0365,Zayden,Gross,27/11/18
Y000238-Q0364,Yadiel,Petty,29/10/13
Y000239-Q0364,Micah,Lozano,9/3/15
Y000240-Q0364,Harrison,Zimmerman,29/11/13
Y000310-Q0371,Kody,Navarro,23/12/18
Y000311-Q0371,Rowan,Cisneros,29/12/15
Y000312-Q0371,Natalee,Bruce,5/11/15
Z000994-Q1381,Mariam,Walters,25/3/17
Z000995-Q1381,Ray,Gutierrez,5/10/14
Z000996-Q1381,Rayna,Hinton,16/8/14
Z001422-Q1544,Scarlett,Allen,25/7/14
Z001423-Q1544,Howard,Boyle,13/8/14
Z001424-Q1544,Amina,Fry,13/4/17
Z001507-Q1563,Jovan,Herman,1/6/16
Z001508-Q1563,Nathanial,Galloway,2/12/12
Z001509-Q1563,Clarissa,Thompson,26/11/18
Y000022-Q0340,Manuel,Park,24/5/16
Y000023-Q0340,Eli,Costa,17/11/16
,,,